{
    "files\\honeypots\\daftar_gaji_2025.xlsx": {
        "last_atime": 1771753326.437477,
        "last_mtime": 1771753326.437477
    },
    "files\\honeypots\\kredensial_database.txt": {
        "last_atime": 1771753326.437477,
        "last_mtime": 1771753326.437477
    },
    "files\\honeypots\\rencana_akuisisi.docx": {
        "last_atime": 1771753326.437477,
        "last_mtime": 1771753326.437477
    },
    "files\\honeypots\\vpn_config.ovpn": {
        "last_atime": 1771753326.437477,
        "last_mtime": 1771753326.437477
    }
}